First Name,Last Name
Eleanor,Howard
Sabrina,Anderson
Chloe,Carter
Lyndon,Ross
Emma,Miller
Lydia,Murphy
Penelope,Hawkins
William,Perry
Owen,Hamilton
Amy,Kelley
Brooke,Rogers
Alexander,Douglas
Naomi,Grant
Spike,Cole
Valeria,Hall
Adrian,Davis
Fenton,Roberts
Isabella,Cameron
Connie,Richards
Tara,Hawkins
Dale,Scott
Jacob,Dixon
Haris,Payne
Chelsea,Grant
Sophia,Elliott
Antony,Cameron
Sabrina,Bennett
Derek,Morris
Max,Armstrong
Alina,Roberts
Belinda,Walker
Maximilian,Harrison
Anna,Morgan
Chloe,Taylor
Melanie,Murphy
Brianna,Harrison
Arnold,Miller
Chester,Murray
Miley,Walker
Ted,Chapman
Roman,Hall
Garry,Howard
Jessica,Davis
Victoria,Harrison
Marcus,Johnston
Roland,Williams
Haris,Bailey
Lucas,Bennett
Tess,Gibson
Garry,Andrews
Martin,Thomas
Ellia,Bailey
Adrian,Cameron
Adison,Warren
Lyndon,Murray
Abraham,Robinson
Evelyn,Cole
Abraham,Smith
Steven,Davis
Carina,West
Grace,Stewart
Henry,Turner
Robert,West
Nicole,Scott
Audrey,Robinson
Alissa,Turner
Preston,Adams
Edgar,Davis
Garry,Crawford
Daryl,Brooks
Agata,Nelson
Rubie,Cameron
Emma,Williams
Charlie,Wright
Amelia,Reed
Aston,Stewart
Tyler,Elliott
Eric,Kelly
Vincent,Bennett
Amelia,Kelly
Arianna,Smith
Sophia,Bennett
Oliver,Barrett
Blake,Armstrong
Jasmine,Gray
Alberta,Moore
Maya,Morrison
Dale,Montgomery
Annabella,West
Jessica,Martin
Lily,Mason
Valeria,Perry
Wilson,Scott
Edgar,Cole
Lucas,Adams
Lenny,Moore
Michael,Murray
Brianna,Barrett
Carl,Baker
Aida,Bennett
Abraham,Roberts
Aldus,Montgomery
Wilson,Wilson
Maddie,Johnson
Clark,Davis
Eleanor,Cooper
Hailey,Casey
Natalie,Campbell
Alford,Nelson
Martin,Sullivan
Florrie,Wright
Edward,Kelley
Lenny,Barrett
Justin,Clark
Wilson,Williams
Sarah,Thompson
Isabella,Robinson
Freddie,Thomas
Adam,Gibson
Deanna,Brown
Haris,Cooper
Alberta,Thomas
Savana,Gray
Henry,Robinson
Arthur,Harris
Sydney,Harris
Rebecca,Adams
Ned,Anderson
Sabrina,Bailey
Rosie,Taylor
Adison,Morgan
Spike,Brown
Jack,Ross
Jordan,Russell
Arianna,Anderson
Arnold,Kelly
Roland,Smith
Caroline,Ross
Kevin,Hamilton
Julian,Edwards
Jordan,Chapman
Ned,Lloyd
Natalie,Mitchell
Rafael,Murphy
Arnold,Owens
Michael,Elliott
Audrey,Miller
Dale,West
Charlie,Thomas
Leonardo,Richards
Michelle,Evans
Antony,Reed
Vanessa,Thomas
Bruce,Miller
Adrian,Wilson
Mary,Hamilton
Dexter,Bennett
Chelsea,Ellis
Aida,Wilson
Naomi,Richardson
Kellan,Chapman
Antony,Brown
Heather,Morris
James,Mitchell
Martin,Hall
William,Stevens
Darcy,Tucker
Amber,Chapman
Harold,Russell
Eric,Harper
Miley,Johnston
Byron,Casey
Paige,Williams
Sam,Higgins
Melissa,Morgan
Belinda,Russell
Chloe,Barnes
Garry,Campbell
Alexander,Hunt
Martin,Murray
Garry,Payne
Edgar,Montgomery
Cadie,Craig
Amy,Perkins
Kate,Morgan
Isabella,Miller
Samantha,Brooks
Myra,Gibson
Edith,Watson
Byron,Hunt
Chloe,Mitchell
Belinda,Cameron
Aida,Morrison
Carl,Chapman
Darcy,Gray
Marcus,Taylor
Sienna,Morgan
Lucy,Perkins
Ada,Lloyd
Connie,Andrews
